REFERENCE;type de bijoux;description;image;couleur;TITRE;POIDS OR;type de pierres;Poids pierre;tailles disponibles;quantité_ par_ taille;price_euros;stock;fabrication_possible;evenement
AJR24686;bague;solitaire;;YG;9;1,15;Diamant;0,120;48,50,52,54,56,58,60;1,1,1,1,1,1,1;98;7;NON;mariage,anniversaire
AJR24687;bague;solitaire;;YG;9;1,40;Diamant;0,100;48,50,52,54,56,58,61;1,1,1,1,1,1,1;95;7;OUI;mariage,anniversaire
AJR25175;bague;solitaire;;YG;9;1,40;Diamant;0,080;48,50,52,54,56,58,62;1,1,1,1,1,1,1;87;7;OUI;mariage,anniversaire
AJR25185;bague;solitaire;;YG;9;1,10;Diamant;0,160;48,50,52,54,56,58,63;1,1,1,1,1,1,1;132;7;NON;mariage,anniversaire
AJR25570;bague;solitaire;;YG;9;1,52;Diamant;0,080;48,50,52,54,56,58,64;1,1,1,1,1,1,1;88;7;OUI;mariage,anniversaire
AJR25572;bague;solitaire;;YG;9;1,40;Diamant;0,180;48,50,52,54,56,58,65;1,1,1,1,1,1,1;179;7;NON;mariage,anniversaire
AJR25587;bague;solitaire;;YG;9;1,55;Diamant;0,100;48,50,52,54,56,58,66;1,1,1,1,1,1,1;100;7;OUI;mariage,anniversaire
AJR25589;bague;solitaire;;YG;9;1,20;Diamant;0,120;48,50,52,54,56,58,67;1,1,1,1,1,1,1;100;7;NON;mariage,anniversaire
AJR25665;bague;solitaire;;YG;9;1,70;Diamant;0,100;48,50,52,54,56,58,68;1,1,1,1,1,1,1;103;7;OUI;mariage,anniversaire
AJR25666;bague;solitaire;;YG;9;1,45;Diamant;0,100;48,50,52,54,56,58,69;1,1,1,1,1,1,1;97;7;NON;mariage,anniversaire
AJR25669;bague;solitaire;;YG;9;1,55;Diamant;0,100;48,50,52,54,56,58,70;1,1,1,1,1,1,1;100;7;OUI;mariage,anniversaire
AJR25675;bague;solitaire;;YG;9;1,55;Diamant;0,100;48,50,52,54,56,58,71;1,1,1,1,1,1,1;100;7;OUI;mariage,anniversaire
AJR26298;bague;solitaire;;YG;9;1,80;Diamant;0,070;48,50,52,54,56,58,72;1,1,1,1,1,1,1;85;7;OUI;mariage,anniversaire
AJR26429;bague;solitaire;;YG;9;1,00;Diamant;0,100;48,50,52,54,56,58,73;1,1,1,1,1,1,1;85;7;OUI;mariage,anniversaire
AJR26430;bague;solitaire;;YG;9;1,20;Diamant;0,100;48,50,52,54,56,58,74;1,1,1,1,1,1,1;89;7;OUI;mariage,anniversaire
AJR26431;bague;solitaire;;YG;9;1,55;Diamant;0,140;48,50,52,54,56,58,75;1,1,1,1,1,1,1;132;7;OUI;mariage,anniversaire
AJR26432;bague;solitaire;;YG;9;1,30;Diamant;0,250;48,50,52,54,56,58,76;1,1,1,1,1,1,1;255;7;OUI;mariage,anniversaire
AJR26441;bague;solitaire;;YG;9;1,25;Diamant;0,200;48,50,52,54,56,58,77;1,1,1,1,1,1,1;189;7;OUI;mariage,anniversaire
AJR27788;bague;solitaire;;YG;9;1,15;Diamant;0,093;48,50,52,54,56,58,78;1,1,1,1,1,1,1;85;7;OUI;mariage,anniversaire
AJR27968;bague;solitaire;;YG;9;2,45;Diamant;0,080;48,50,52,54,56,58,79;1,1,1,1,1,1,1;111;7;OUI;mariage,anniversaire
AJR27971;bague;solitaire;;YG;9;2,15;Diamant;0,080;48,50,52,54,56,58,80;1,1,1,1,1,1,1;104;7;OUI;mariage,anniversaire
AJR27972;bague;solitaire;;YG;9;1,40;Diamant;0,080;48,50,52,54,56,58,81;1,1,1,1,1,1,1;85;7;OUI;mariage,anniversaire
AJR27973;bague;solitaire;;YG;9;1,35;Diamant;0,080;48,50,52,54,56,58,82;1,1,1,1,1,1,1;84;7;OUI;mariage,anniversaire
AJR27974;bague;solitaire;;YG;9;2,05;Diamant;0,080;48,50,52,54,56,58,83;1,1,1,1,1,1,1;101;7;OUI;mariage,anniversaire
AJR27975;bague;solitaire;;YG;9;1,65;Diamant;0,080;48,50,52,54,56,58,84;1,1,1,1,1,1,1;91;7;OUI;mariage,anniversaire
AJR27976;bague;solitaire;;YG;9;1,75;Diamant;0,080;48,50,52,54,56,58,85;1,1,1,1,1,1,1;104;7;OUI;mariage,anniversaire
AJR27977;bague;solitaire;;YG;9;1,40;Diamant;0,080;48,50,52,54,56,58,86;1,1,1,1,1,1,1;85;7;OUI;mariage,anniversaire
AJR27978;bague;solitaire;;YG;9;1,05;Diamant;0,040;48,50,52,54,56,58,87;1,1,1,1,1,1,1;53;7;OUI;mariage,anniversaire
AJR27979;bague;solitaire;;YG;9;1,15;Diamant;0,040;48,50,52,54,56,58,88;1,1,1,1,1,1,1;54;7;OUI;mariage,anniversaire
AJR27980;bague;solitaire;;YG;9;1,10;Diamant;0,080;48,50,52,54,56,58,89;1,1,1,1,1,1,1;78;7;OUI;mariage,anniversaire
AJR27981;bague;solitaire;;YG;9;1,20;Diamant;0,080;48,50,52,54,56,58,90;1,1,1,1,1,1,1;79;7;OUI;mariage,anniversaire
AJR29255;bague;solitaire;;YG;9;2,96;Diamant;0,050;48,50,52,54,56,58,91;1,1,1,1,1,1,1;106;7;OUI;mariage,anniversaire
SAR00578;bague;solitaire;;YG;9;1,96;Diamant;0,120;48,50,52,54,56,58,92;1,1,1,1,1,1,1;120;7;OUI;bapteme
SAR01501;bague;solitaire;;2T;9;1,56;Diamant;0,140;48,50,52,54,56,58,93;1,1,1,1,1,1,1;132;7;NON;anniversaire mariage,anniversaire rencontre
SAR01680;bague;solitaire;;YG;9;1,30;Diamant;0,020;48,50,52,54,56,58,94;1,1,1,1,1,1,1;43;7;NON;anniversaire mariage,anniversaire rencontre
SAR01681;bague;solitaire;;YG;9;1,45;Diamant;0,040;48,50,52,54,56,58,95;1,1,1,1,1,1,1;63;7;NON;anniversaire mariage,anniversaire rencontre
SAR01682;bague;solitaire;;YG;9;1,65;Diamant;0,080;48,50,52,54,56,58,96;1,1,1,1,1,1,1;91;7;NON;anniversaire mariage,anniversaire rencontre
SAR01683;bague;solitaire;;YG;9;2,52;Diamant;0,200;48,50,52,54,56,58,97;1,1,1,1,1,1,1;221;7;NON;anniversaire mariage,anniversaire rencontre
SAR01685;bague;solitaire;;YG;9;2,70;Diamant;0,320;48,50,52,54,56,58,98;1,1,1,1,1,1,1;375;7;NON;anniversaire mariage,anniversaire rencontre
AJR27807;bague;solitaire;;2T;9;1,80;Diamant;0,050;48,50,52,54,56,58,99;1,1,1,1,1,1,1;76;7;NON;anniversaire mariage,anniversaire rencontre
AJR27846;bague;solitaire;;2T;9;1,25;Diamant;0,070;48,50,52,54,56,58,100;1,1,1,1,1,1,1;70;7;NON;anniversaire mariage,anniversaire rencontre
AJR24856;bague;solitaire;;YG;9;1,61;Diamant;0,020;48,50,52,54,56,58,101;1,1,1,1,1,1,1;107;7;NON;anniversaire mariage,anniversaire rencontre
AJR24857;bague;solitaire;;YG;9;1,70;Diamant;0,020;48,50,52,54,56,58,102;1,1,1,1,1,1,1;78;7;NON;anniversaire mariage,anniversaire rencontre
AJR24908;bague;solitaire;;YG;9;1,60;Diamant;0,020;48,50,52,54,56,58,103;1,1,1,1,1,1,1;75;7;NON;anniversaire mariage,anniversaire rencontre
AJR24912;bague;solitaire;;YG;9;1,64;Diamant;0,020;48,50,52,54,56,58,104;1,1,1,1,1,1,1;75;7;NON;anniversaire mariage,anniversaire rencontre
AJR24917;bague;solitaire;;YG;9;1,50;Diamant;0,036;48,50,52,54,56,58,105;1,1,1,1,1,1,1;85;7;NON;anniversaire mariage,anniversaire rencontre
AJR25774;bague;solitaire;;YG;9;1,80;Diamant;0,070;48,50,52,54,56,58,106;1,1,1,1,1,1,1;106;7;NON;anniversaire mariage,anniversaire rencontre
AJR25942;bague;solitaire;;YG;9;1,70;Diamant;0,070;48,50,52,54,56,58,107;1,1,1,1,1,1,1;91;7;NON;anniversaire mariage,anniversaire rencontre
AJR26028;bague;solitaire;;YG;9;1,60;Diamant;0,038;48,50,52,54,56,58,108;1,1,1,1,1,1,1;102;7;NON;anniversaire mariage,anniversaire rencontre
AJR26215;bague;solitaire;;YG;9;2,20;Diamant;0,067;48,50,52,54,56,58,109;1,1,1,1,1,1,1;136;7;NON;anniversaire mariage,anniversaire rencontre
AJR26294;bague;solitaire;;YG;9;1,45;Diamant;0,010;48,50,52,54,56,58,110;1,1,1,1,1,1,1;80;7;NON;anniversaire mariage,anniversaire rencontre
AJR26302;bague;solitaire;;YG;9;1,85;Diamant;0,110;48,50,52,54,56,58,111;1,1,1,1,1,1,1;114;7;NON;anniversaire mariage,anniversaire rencontre
AJR26324;bague;solitaire;;YG;9;1,45;Diamant;0,047;48,50,52,54,56,58,112;1,1,1,1,1,1,1;98;7;NON;anniversaire mariage,anniversaire rencontre
AJR26353;bague;solitaire;;YG;9;1,55;Diamant;0,058;48,50,52,54,56,58,113;1,1,1,1,1,1,1;115;7;NON;anniversaire mariage,anniversaire rencontre
AJR26361;bague;solitaire;;YG;9;1,30;Diamant;0,031;48,50,52,54,56,58,114;1,1,1,1,1,1,1;126;7;NON;anniversaire mariage,anniversaire rencontre
AJR26425;bague;solitaire;;YG;9;1,60;Diamant;0,180;48,50,52,54,56,58,115;1,1,1,1,1,1,1;294;7;NON;anniversaire mariage,anniversaire rencontre
AJR26560;bague;solitaire;;YG;9;1,00;Diamant;0,006;48,50,52,54,56,58,116;1,1,1,1,1,1,1;69;7;NON;anniversaire mariage,anniversaire rencontre
AJR26563;bague;solitaire;;YG;9;1,05;Diamant;0,020;48,50,52,54,56,58,117;1,1,1,1,1,1,1;53;7;NON;anniversaire mariage,anniversaire rencontre
AJR26569;bague;solitaire;;YG;9;1,03;Diamant;0,030;48,50,52,54,56,58,118;1,1,1,1,1,1,1;61;7;NON;anniversaire mariage,anniversaire rencontre
AJR26571;bague;solitaire;;YG;9;0,90;Diamant;0,006;48,50,52,54,56,58,119;1,1,1,1,1,1,1;66;7;NON;anniversaire mariage,anniversaire rencontre
AJR26576;bague;solitaire;;YG;9;1,35;Diamant;0,020;48,50,52,54,56,58,120;1,1,1,1,1,1,1;61;7;NON;anniversaire mariage,anniversaire rencontre
AJR26577;bague;solitaire;;YG;9;1,25;Diamant;0,020;48,50,52,54,56,58,121;1,1,1,1,1,1,1;59;7;NON;anniversaire mariage,anniversaire rencontre
AJR26585;bague;solitaire;;YG;9;1,05;Diamant;0,030;48,50,52,54,56,58,122;1,1,1,1,1,1,1;61;7;NON;anniversaire mariage,anniversaire rencontre
AJR26587;bague;solitaire;;YG;9;1,25;Diamant;0,020;48,50,52,54,56,58,123;1,1,1,1,1,1,1;78;7;NON;anniversaire mariage,anniversaire rencontre
AJR26617;bague;solitaire;;YG;9;1,10;Diamant;0,013;48,50,52,54,56,58,124;1,1,1,1,1,1,1;85;7;NON;anniversaire mariage,anniversaire rencontre
AJR26623;bague;solitaire;;2T;9;1,80;Diamant;0,015;48,50,52,54,56,58,125;1,1,1,1,1,1,1;104;7;NON;anniversaire mariage,anniversaire rencontre
AJR26652;bague;solitaire;;YG;9;0,80;Diamant;0,019;48,50,52,54,56,58,126;1,1,1,1,1,1,1;61;7;NON;anniversaire mariage,anniversaire rencontre
AJR26681;bague;solitaire;;YG;9;1,05;Diamant;0,006;48,50,52,54,56,58,127;1,1,1,1,1,1,1;59;7;NON;anniversaire mariage,anniversaire rencontre
AJR26683;bague;solitaire;;YG;9;1,10;Diamant;0,006;48,50,52,54,56,58,128;1,1,1,1,1,1,1;56;7;NON;anniversaire mariage,anniversaire rencontre
AJR27373;bague;solitaire;;YG;9;1,35;Diamant;0,030;48,50,52,54,56,58,129;1,1,1,1,1,1,1;98;7;NON;anniversaire mariage,anniversaire rencontre
AJR27399;bague;pave;;YG;9;1,15;Diamant;0,050;48,50,52,54,56,58,130;1,1,1,1,1,1,1;74;7;NON;anniversaire mariage,anniversaire rencontre
AJR27425;bague;pave;;YG;9;1,55;Diamant;0,040;48,50,52,54,56,58,131;1,1,1,1,1,1,1;102;7;NON;anniversaire mariage,anniversaire rencontre
AJR27436;bague;pave;;YG;9;1,48;Diamant;0,018;48,50,52,54,56,58,132;1,1,1,1,1,1,1;77;7;NON;anniversaire mariage,anniversaire rencontre
AJR27438;bague;pave;;YG;9;1,08;Diamant;0,012;48,50,52,54,56,58,133;1,1,1,1,1,1,1;74;7;NON;anniversaire mariage,anniversaire rencontre
AJR27440;bague;pave;;YG;9;1,10;Diamant;0,030;48,50,52,54,56,58,134;1,1,1,1,1,1,1;82;7;NON;anniversaire mariage,anniversaire rencontre
AJR27746;bague;pave;;YG;9;0,83;Diamant;0,010;48,50,52,54,56,58,135;1,1,1,1,1,1,1;38;7;NON;anniversaire mariage,anniversaire rencontre
AJR27748;bague;pave;;YG;9;1,15;Diamant;0,013;48,50,52,54,56,58,136;1,1,1,1,1,1,1;72;7;NON;anniversaire mariage,anniversaire rencontre
AJR27750;bague;pave;;YG;9;1,20;Diamant;0,006;48,50,52,54,56,58,137;1,1,1,1,1,1,1;90;7;NON;anniversaire mariage,anniversaire rencontre
AJR27755;bague;pave;;YG;9;0,90;Diamant;0,036;48,50,52,54,56,58,138;1,1,1,1,1,1,1;90;7;NON;anniversaire mariage,anniversaire rencontre
AJR27759;bague;pave;;YG;9;1,23;Diamant;0,030;48,50,52,54,56,58,139;1,1,1,1,1,1,1;62;7;NON;anniversaire mariage,anniversaire rencontre
AJR27765;bague;pave;;YG;9;0,92;Diamant;0,010;48,50,52,54,56,58,140;1,1,1,1,1,1,1;42;7;NON;anniversaire mariage,anniversaire rencontre
AJR27767;bague;pave;;YG;9;0,81;Diamant;0,006;48,50,52,54,56,58,141;1,1,1,1,1,1,1;35;7;NON;anniversaire mariage,anniversaire rencontre
AJR27781;bague;pave;;YG;9;1,25;Diamant;0,013;48,50,52,54,56,58,142;1,1,1,1,1,1,1;51;7;NON;anniversaire mariage,anniversaire rencontre
AJR27790;bague;pave;;YG;9;1,18;Diamant;0,004;48,50,52,54,56,58,143;1,1,1,1,1,1,1;45;7;NON;anniversaire mariage,anniversaire rencontre
AJR27791;bague;pave;;YG;9;1,45;Diamant;0,020;48,50,52,54,56,58,144;1,1,1,1,1,1,1;61;7;NON;anniversaire mariage,anniversaire rencontre
AJR27793;bague;pave;;YG;9;1,40;Diamant;0,030;48,50,52,54,56,58,145;1,1,1,1,1,1,1;67;7;NON;anniversaire mariage,anniversaire rencontre
AJR27795;bague;pave;;2T;9;1,52;Diamant;0,017;48,50,52,54,56,58,146;1,1,1,1,1,1,1;70;7;NON;anniversaire,diplome
AJR27796;bague;pave;;YG;9;1,33;Diamant;0,020;48,50,52,54,56,58,147;1,1,1,1,1,1,1;56;7;NON;anniversaire,diplome
AJR27799;bague;pave;;YG;9;0,97;Diamant;0,006;48,50,52,54,56,58,148;1,1,1,1,1,1,1;40;7;NON;anniversaire,diplome
AJR27813;bague;pave;;YG;9;2,22;Diamant;0,030;48,50,52,54,56,58,149;1,1,1,1,1,1,1;90;7;NON;anniversaire,diplome
AJR27829;bague;pave;;YG;9;1,15;Diamant;0,050;48,50,52,54,56,58,150;1,1,1,1,1,1,1;77;7;NON;anniversaire,diplome
AJR27841;bague;pave;;YG;9;0,86;Diamant;0,030;48,50,52,54,56,58,151;1,1,1,1,1,1,1;77;7;NON;anniversaire,diplome
AJR27842;bague;pave;;YG;9;0,90;Diamant;0,010;48,50,52,54,56,58,152;1,1,1,1,1,1,1;77;7;NON;anniversaire,diplome
AJR27843;bague;pave;;YG;9;0,80;Diamant;0,010;48,50,52,54,56,58,153;1,1,1,1,1,1,1;77;7;NON;anniversaire,diplome
AJR27858;bague;pave;;YG;9;0,90;Diamant;0,038;48,50,52,54,56,58,154;1,1,1,1,1,1,1;77;7;NON;anniversaire,diplome
AJR27892;bague;trilogie;;YG;9;0,92;Diamant;0,020;48,50,52,54,56,58,155;1,1,1,1,1,1,1;77;7;OUI;anniversaire,diplome
AJR27893;bague;trilogie;;YG;9;0,82;Diamant;0,010;48,50,52,54,56,58,156;1,1,1,1,1,1,1;77;7;OUI;anniversaire,diplome
AJR27963;bague;trilogie;;YG;9;1,46;Diamant;0,020;48,50,52,54,56,58,157;1,1,1,1,1,1,1;77;7;OUI;anniversaire,diplome
AJR28385;bague;trilogie;;YG;9;1,03;Diamant;0,030;48,50,52,54,56,58,158;1,1,1,1,1,1,1;77;7;OUI;anniversaire,diplome
AJR28386;bague;trilogie;;YG;9;1,25;Diamant;0,010;48,50,52,54,56,58,159;1,1,1,1,1,1,1;77;7;OUI;anniversaire,diplome
AJR28387;bague;trilogie;;YG;9;1,20;Diamant;0,009;48,50,52,54,56,58,160;1,1,1,1,1,1,1;77;7;OUI;anniversaire,diplome
AJR28395;bague;trilogie;;YG;9;1,10;Diamant;0,013;48,50,52,54,56,58,161;1,1,1,1,1,1,1;77;7;OUI;anniversaire,diplome
AJR28988;bague;trilogie;;YG;9;1,80;Diamant;0,064;48,50,52,54,56,58,162;1,1,1,1,1,1,1;77;7;OUI;anniversaire,diplome
AJR28993;bague;trilogie;;2T;9;2,45;Diamant;0,068;48,50,52,54,56,58,163;1,1,1,1,1,1,1;77;7;OUI;anniversaire,diplome
SAR00491;bague;trilogie;;YG;9;1,60;Diamant;0,050;48,50,52,54,56,58,164;1,1,1,1,1,1,1;77;7;OUI;anniversaire,diplome
SAR00518;bague;trilogie;;YG;9;1,86;Diamant;0,032;48,50,52,54,56,58,165;1,1,1,1,1,1,1;77;7;OUI;anniversaire,diplome
SAR00526;bague;trilogie;;YG;9;2,72;Diamant;0,040;48,50,52,54,56,58,166;1,1,1,1,1,1,1;77;7;OUI;anniversaire,diplome
SAR00537;bague;trilogie;;YG;9;2,20;Diamant;0,023;48,50,52,54,56,58,167;1,1,1,1,1,1,1;77;7;OUI;anniversaire,diplome
SAR00549;bague;trilogie;;YG;9;1,89;Diamant;0,010;48,50,52,54,56,58,168;1,1,1,1,1,1,1;77;7;OUI;FIANCAILLE
SAR00584;bague;trilogie;;YG;9;1,90;Diamant;0,045;48,50,52,54,56,58,169;1,1,1,1,1,1,1;77;7;OUI;FIANCAILLE
SAR00588;bague;trilogie;;YG;9;1,80;Diamant;0,018;48,50,52,54,56,58,170;1,1,1,1,1,1,1;77;7;OUI;FIANCAILLE
SAR00919;bague;saphir diamants;;YG;9;2,96;Diamant;0,060;48,50,52,54,56,58,171;1,1,1,1,1,1,1;77;7;OUI;FIANCAILLE
SAR00921;bague;saphir diamants;;YG;9;2,70;Diamant;0,040;48,50,52,54,56,58,172;1,1,1,1,1,1,1;77;7;OUI;FIANCAILLE
SAR00930;bague;saphir diamants;;YG;9;2,12;Diamant;0,040;48,50,52,54,56,58,173;1,1,1,1,1,1,1;77;7;OUI;FIANCAILLE
SAR00940;bague;saphir diamants;;YG;9;2,85;Diamant;0,080;48,50,52,54,56,58,174;1,1,1,1,1,1,1;77;7;OUI;FIANCAILLE
SAR00942;bague;saphir diamants;;YG;9;2,26;Diamant;0,060;48,50,52,54,56,58,175;1,1,1,1,1,1,1;77;7;OUI;FIANCAILLE
SAR00946;bague;saphir diamants;;YG;9;2,12;Diamant;0,040;48,50,52,54,56,58,176;1,1,1,1,1,1,1;77;7;OUI;FIANCAILLE
SAR01035;bague;saphir diamants;;YG;9;1,89;Diamant;0,040;48,50,52,54,56,58,177;1,1,1,1,1,1,1;77;7;OUI;FIANCAILLE
SAR01036;bague;saphir diamants;;YG;9;1,86;;0,040;48,50,52,54,56,58,178;1,1,1,1,1,1,1;77;7;OUI;FIANCAILLE
SAR01043;bague;saphir diamants;;YG;9;1,90;;0,041;48,50,52,54,56,58,179;1,1,1,1,1,1,1;77;7;OUI;FIANCAILLE
SAR01051;bague;saphir diamants;;YG;9;2,35;;0,006;48,50,52,54,56,58,180;1,1,1,1,1,1,1;77;7;OUI;FIANCAILLE
SAR01069;bague;saphir diamants;;YG;9;2,95;;0,080;48,50,52,54,56,58,181;1,1,1,1,1,1,1;77;7;OUI;FIANCAILLE
SAR01079;bague;saphir diamants;;YG;9;2,60;;0,090;48,50,52,54,56,58,182;1,1,1,1,1,1,1;77;7;OUI;FIANCAILLE
SAR01080;bague;saphir diamants;;YG;9;2,02;;0,020;48,50,52,54,56,58,183;1,1,1,1,1,1,1;77;7;OUI;FIANCAILLE
SAR01114;bague;saphir diamants;;YG;9;1,62;;0,040;48,50,52,54,56,58,184;1,1,1,1,1,1,1;77;7;OUI;FIANCAILLE
SAR01152;bague;saphir diamants;;YG;9;2,42;;0,064;48,50,52,54,56,58,185;1,1,1,1,1,1,1;77;7;OUI;FIANCAILLE
SAR01290;bague;saphir diamants;;YG;9;1,55;;0,070;48,50,52,54,56,58,186;1,1,1,1,1,1,1;77;7;OUI;FIANCAILLE
SAR01291;bague;saphir diamants;;YG;9;1,00;;0,060;48,50,52,54,56,58,187;1,1,1,1,1,1,1;77;7;OUI;FIANCAILLE
SAR01292;bague;saphir diamants;;YG;9;1,27;;0,062;48,50,52,54,56,58,188;1,1,1,1,1,1,1;77;7;OUI;FIANCAILLE
SAR01294;bague;alliance;;YG;9;1,45;;0,060;48,50,52,54,56,58,189;1,1,1,1,1,1,1;77;7;OUI;FIANCAILLE
SAR01295;bague;alliance;;YG;9;1,30;;0,060;48,50,52,54,56,58,190;1,1,1,1,1,1,1;77;7;OUI;FIANCAILLE
SAR01300;bague;alliance;;YG;9;1,32;;0,060;48,50,52,54,56,58,191;1,1,1,1,1,1,1;77;7;OUI;FIANCAILLE
SAR01302;bague;alliance;;YG;9;1,12;;0,060;48,50,52,54,56,58,192;1,1,1,1,1,1,1;77;7;OUI;FIANCAILLE
SAR01305;bague;alliance;;YG;9;1,65;;0,074;48,50,52,54,56,58,193;1,1,1,1,1,1,1;77;7;OUI;FIANCAILLE
SAR01319;bague;alliance;;YG;9;1,54;;0,060;48,50,52,54,56,58,194;1,1,1,1,1,1,1;77;7;OUI;FIANCAILLE
SAR01519;bague;alliance;;YG;9;2,02;;0,070;48,50,52,54,56,58,195;1,1,1,1,1,1,1;77;7;OUI;FIANCAILLE
SAR01521;bague;alliance;;YG;9;2,41;;0,066;48,50,52,54,56,58,196;1,1,1,1,1,1,1;77;7;OUI;FIANCAILLE
SAR01534;bague;alliance;;YG;9;1,38;;0,021;48,50,52,54,56,58,197;1,1,1,1,1,1,1;77;7;OUI;FIANCAILLE
SAR01535;bague;alliance;;YG;9;1,30;;0,020;48,50,52,54,56,58,198;1,1,1,1,1,1,1;77;7;NON;FIANCAILLE
SAR01539;bague;alliance;;YG;9;1,68;;0,030;48,50,52,54,56,58,199;1,1,1,1,1,1,1;77;7;NON;FIANCAILLE
SAR01540;bague;alliance;;YG;9;1,44;;0,030;48,50,52,54,56,58,200;1,1,1,1,1,1,1;77;7;NON;FIANCAILLE
SAR01541;bague;alliance;;YG;9;1,30;;0,017;48,50,52,54,56,58,201;1,1,1,1,1,1,1;77;7;NON;FIANCAILLE
SAR01612;bague;alliance;;YG;9;2,12;;0,070;48,50,52,54,56,58,202;1,1,1,1,1,1,1;77;7;NON;FIANCAILLE
SAR01739;bague;alliance;;YG;9;2,19;;0,072;48,50,52,54,56,58,203;1,1,1,1,1,1,1;77;7;NON;FIANCAILLE
SAR01741;bague;alliance;;YG;9;1,99;;0,009;48,50,52,54,56,58,204;1,1,1,1,1,1,1;77;7;NON;FIANCAILLE
SAR01833;bague;alliance;;YG;9;1,97;;0,111;48,50,52,54,56,58,205;1,1,1,1,1,1,1;77;7;NON;FIANCAILLE
SAR01850;bague;alliance;;YG;9;1,30;;0,038;48,50,52,54,56,58,206;1,1,1,1,1,1,1;77;7;NON;FIANCAILLE
SAR01860;bague;alliance;;YG;9;1,35;;0,040;48,50,52,54,56,58,207;1,1,1,1,1,1,1;77;7;NON;FIANCAILLE
SAR01880;bague;alliance;;YG;9;1,70;;0,120;48,50,52,54,56,58,208;1,1,1,1,1,1,1;77;7;NON;FIANCAILLE
SAR01881;bague;alliance;;YG;9;1,60;;0,110;48,50,52,54,56,58,209;1,1,1,1,1,1,1;77;7;NON;FIANCAILLE
SAR01885;bague;alliance;;YG;9;1,95;;0,070;48,50,52,54,56,58,210;1,1,1,1,1,1,1;77;7;NON;FIANCAILLE
SAR01900;bague;alliance;;YG;9;1,90;;0,050;48,50,52,54,56,58,211;1,1,1,1,1,1,1;77;7;NON;FIANCAILLE
SAR02160;bague;alliance;;YG;9;1,20;;0,007;48,50,52,54,56,58,212;1,1,1,1,1,1,1;77;7;NON;FIANCAILLE
SAR02270;bague;alliance;;YG;9;2,22;;0,081;48,50,52,54,56,58,213;1,1,1,1,1,1,1;77;7;NON;FIANCAILLE
SAR02338;bague;alliance;;YG;9;1,75;;0,040;48,50,52,54,56,58,214;1,1,1,1,1,1,1;77;7;NON;FIANCAILLE
SAR02341;bague;alliance;;YG;9;1,30;;0,006;48,50,52,54,56,58,215;1,1,1,1,1,1,1;77;7;NON;FIANCAILLE
SAR02343;bague;alliance;;YG;9;1,32;;0,009;48,50,52,54,56,58,216;1,1,1,1,1,1,1;77;7;NON;FIANCAILLE
SAR02348;bague;alliance;;YG;9;1,20;;0,012;48,50,52,54,56,58,217;1,1,1,1,1,1,1;77;7;NON;FIANCAILLE
SAR02353;bague;alliance;;YG;9;2,96;;0,017;48,50,52,54,56,58,218;1,1,1,1,1,1,1;77;7;NON;FIANCAILLE
SAR02354;bague;alliance;;YG;9;0,98;;0,020;48,50,52,54,56,58,219;1,1,1,1,1,1,1;77;7;NON;FIANCAILLE
SAR02355;bague;alliance;;YG;9;0,85;;0,030;48,50,52,54,56,58,220;1,1,1,1,1,1,1;77;7;NON;FIANCAILLE
SAR02356;bague;alliance;;YG;9;0,96;;0,011;48,50,52,54,56,58,221;1,1,1,1,1,1,1;77;7;NON;FIANCAILLE
SAR02357;bague;alliance;;YG;9;0,82;;0,020;48,50,52,54,56,58,222;1,1,1,1,1,1,1;77;7;NON;FIANCAILLE
SAR02369;bague;alliance;;YG;9;2,40;;0,082;48,50,52,54,56,58,223;1,1,1,1,1,1,1;77;7;NON;FIANCAILLE
SAR02449;bague;alliance;;YG;9;1,65;;0,047;48,50,52,54,56,58,224;1,1,1,1,1,1,1;77;7;NON;FIANCAILLE
SAR02464;bague;alliance;;YG;9;1,10;;0,020;48,50,52,54,56,58,225;1,1,1,1,1,1,1;77;7;NON;FIANCAILLE
SAR02466;bague;alliance;;YG;9;1,00;;0,010;48,50,52,54,56,58,226;1,1,1,1,1,1,1;77;7;NON;FIANCAILLE
SAR02467;bague;alliance;;YG;9;1,02;;0,010;48,50,52,54,56,58,227;1,1,1,1,1,1,1;77;7;NON;FIANCAILLE
SAR02468;bague;alliance;;YG;9;1,06;;0,010;48,50,52,54,56,58,228;1,1,1,1,1,1,1;77;7;NON;FIANCAILLE
SAR02469;bague;alliance;;YG;9;1,08;;0,010;48,50,52,54,56,58,229;1,1,1,1,1,1,1;77;7;OUI;FIANCAILLE
SAR02484;bague;alliance;;YG;9;1,14;;0,010;48,50,52,54,56,58,230;1,1,1,1,1,1,1;77;7;OUI;FIANCAILLE
SAR02491;bague;alliance;;YG;9;1,10;;0,009;48,50,52,54,56,58,231;1,1,1,1,1,1,1;77;7;OUI;FIANCAILLE
SAR02505;bague;alliance;;YG;9;1,25;;0,040;48,50,52,54,56,58,232;1,1,1,1,1,1,1;77;7;OUI;FIANCAILLE
SAR02506;bague;alliance;;YG;9;1,05;;0,023;48,50,52,54,56,58,233;1,1,1,1,1,1,1;77;7;OUI;FIANCAILLE
SAR02532;bague;alliance;;YG;9;1,98;;0,090;48,50,52,54,56,58,234;1,1,1,1,1,1,1;77;7;OUI;FIANCAILLE
SAR02543;bague;alliance;;YG;9;2,04;;0,090;48,50,52,54,56,58,235;1,1,1,1,1,1,1;77;7;OUI;FIANCAILLE
AJR24452;bague;alliance;;YG;9;0,98;;0,040;48,50,52,54,56,58,236;1,1,1,1,1,1,1;77;7;OUI;FIANCAILLE
AJR24454;bague;alliance;;YG;9;0,80;;0,060;48,50,52,54,56,58,237;1,1,1,1,1,1,1;77;7;OUI;FIANCAILLE
AJR24530;bague;alliance;;YG;9;1,20;;0,032;48,50,52,54,56,58,238;1,1,1,1,1,1,1;77;7;OUI;FIANCAILLE
AJR24531;bague;alliance;;YG;9;1,16;;0,028;48,50,52,54,56,58,239;1,1,1,1,1,1,1;77;7;OUI;FIANCAILLE
AJR24554;bague;alliance;;YG;9;1,60;;0,040;48,50,52,54,56,58,240;1,1,1,1,1,1,1;77;7;OUI;FIANCAILLE
AJR24559;bague;alliance;;YG;9;1,10;;0,030;48,50,52,54,56,58,241;1,1,1,1,1,1,1;77;7;OUI;FIANCAILLE
AJR24562;bague;alliance;;YG;9;1,12;;0,027;48,50,52,54,56,58,242;1,1,1,1,1,1,1;77;7;OUI;FIANCAILLE
AJR24645;bague;alliance;;YG;9;0,72;;0,030;48,50,52,54,56,58,243;1,1,1,1,1,1,1;77;7;OUI;FIANCAILLE
AJR24696;bague;alliance;;YG;9;1,53;;0,007;48,50,52,54,56,58,244;1,1,1,1,1,1,1;77;7;OUI;FIANCAILLE
AJR24698;bague;alliance;;YG;9;1,30;;0,009;48,50,52,54,56,58,245;1,1,1,1,1,1,1;77;7;OUI;FIANCAILLE
AJR24706;bague;alliance;;YG;9;1,05;;0,020;48,50,52,54,56,58,246;1,1,1,1,1,1,1;77;7;OUI;FIANCAILLE
AJR24707;bague;alliance;;YG;9;1,00;;0,008;48,50,52,54,56,58,247;1,1,1,1,1,1,1;77;7;OUI;FIANCAILLE
AJR24710;bague;alliance;;YG;9;0,85;;0,040;48,50,52,54,56,58,248;1,1,1,1,1,1,1;77;7;OUI;FIANCAILLE
AJR24712;bague;alliance;;YG;9;0,87;;0,060;48,50,52,54,56,58,249;1,1,1,1,1,1,1;77;7;OUI;FIANCAILLE
AJR24715;bague;alliance;;YG;9;0,92;;0,014;48,50,52,54,56,58,250;1,1,1,1,1,1,1;77;7;OUI;FIANCAILLE
AJR24721;bague;alliance;;YG;9;1,04;;0,020;48,50,52,54,56,58,251;1,1,1,1,1,1,1;77;7;OUI;FIANCAILLE
AJR24723;bague;alliance;;YG;9;1,02;;0,030;48,50,52,54,56,58,252;1,1,1,1,1,1,1;77;7;OUI;FIANCAILLE
AJR24726;bague;alliance;;YG;9;0,82;;0,016;48,50,52,54,56,58,253;1,1,1,1,1,1,1;77;7;OUI;FIANCAILLE
AJR24733;bague;alliance;;YG;9;0,76;;0,020;48,50,52,54,56,58,254;1,1,1,1,1,1,1;77;7;OUI;FIANCAILLE
AJR24738;bague;alliance;;YG;9;1,04;;0,040;48,50,52,54,56,58,255;1,1,1,1,1,1,1;77;7;OUI;FIANCAILLE
AJR24746;bague;alliance;;YG;9;0,97;;0,030;48,50,52,54,56,58,256;1,1,1,1,1,1,1;77;7;OUI;FIANCAILLE
AJR24751;bague;alliance;;YG;9;1,30;;0,010;48,50,52,54,56,58,257;1,1,1,1,1,1,1;77;7;OUI;FIANCAILLE
AJR24761;bague;alliance;;YG;9;1,18;;0,053;48,50,52,54,56,58,258;1,1,1,1,1,1,1;77;7;OUI;FIANCAILLE
AJR24764;bague;alliance;;YG;9;1,15;;0,050;48,50,52,54,56,58,259;1,1,1,1,1,1,1;77;7;OUI;FIANCAILLE
AJR24765;bague;alliance;;YG;9;0,95;;0,020;48,50,52,54,56,58,260;1,1,1,1,1,1,1;77;7;OUI;FIANCAILLE
AJR24783;bague;alliance;;YG;9;1,10;;0,015;48,50,52,54,56,58,261;1,1,1,1,1,1,1;77;7;OUI;FIANCAILLE
AJR24792;bague;alliance;;YG;9;0,88;;0,050;48,50,52,54,56,58,262;1,1,1,1,1,1,1;77;7;OUI;FIANCAILLE
AJR24794;bague;alliance;;YG;9;1,15;;0,017;48,50,52,54,56,58,263;1,1,1,1,1,1,1;77;7;OUI;FIANCAILLE
AJR24802;bague;alliance;;YG;9;0,85;;0,014;48,50,52,54,56,58,264;1,1,1,1,1,1,1;77;7;OUI;FIANCAILLE
AJR24865;bague;alliance;;YG;9;1,27;;0,020;48,50,52,54,56,58,265;1,1,1,1,1,1,1;77;7;OUI;FIANCAILLE
AJR24868;bague;alliance;;YG;9;1,62;;0,070;48,50,52,54,56,58,266;1,1,1,1,1,1,1;77;7;OUI;FIANCAILLE
AJR25208;bague;alliance;;YG;9;2,12;;0,150;48,50,52,54,56,58,267;1,1,1,1,1,1,1;77;7;OUI;FIANCAILLE
AJR25267;bague;alliance;;YG;9;1,07;;0,083;48,50,52,54,56,58,268;1,1,1,1,1,1,1;77;7;OUI;FIANCAILLE
AJR25280;bague;alliance;;YG;9;1,20;;0,051;48,50,52,54,56,58,269;1,1,1,1,1,1,1;77;7;OUI;FIANCAILLE
AJR25284;bague;alliance;;YG;9;1,10;;0,110;48,50,52,54,56,58,270;1,1,1,1,1,1,1;77;7;OUI;FIANCAILLE
AJR25321;bague;alliance;;YG;9;1,15;;0,070;48,50,52,54,56,58,271;1,1,1,1,1,1,1;77;7;OUI;FIANCAILLE
AJR25394;bague;alliance;;YG;9;1,89;;0,020;48,50,52,54,56,58,272;1,1,1,1,1,1,1;77;7;OUI;FIANCAILLE
AJR25676;bague;alliance;;YG;9;1,82;;0,100;48,50,52,54,56,58,273;1,1,1,1,1,1,1;77;7;OUI;FIANCAILLE
AJR25677;bague;alliance;;YG;9;2,36;;0,012;48,50,52,54,56,58,274;1,1,1,1,1,1,1;77;7;OUI;FIANCAILLE
AJR26001;bague;alliance;;YG;9;1,35;;0,080;48,50,52,54,56,58,275;1,1,1,1,1,1,1;77;7;OUI;FIANCAILLE
AJR26003;bague;alliance;;YG;9;1,25;;0,090;48,50,52,54,56,58,276;1,1,1,1,1,1,1;77;7;OUI;FIANCAILLE
AJR26004;bague;alliance;;YG;9;1,14;;0,090;48,50,52,54,56,58,277;1,1,1,1,1,1,1;77;7;OUI;FIANCAILLE
AJR26006;bague;alliance;;YG;9;1,60;;0,100;48,50,52,54,56,58,278;1,1,1,1,1,1,1;77;7;OUI;FIANCAILLE
AJR26010;bague;alliance;;YG;9;1,25;;0,090;48,50,52,54,56,58,279;1,1,1,1,1,1,1;77;7;OUI;FIANCAILLE
AJR26011;bague;alliance;;YG;9;1,40;;0,090;48,50,52,54,56,58,280;1,1,1,1,1,1,1;77;7;OUI;FIANCAILLE
AJR26029;bague;alliance;;YG;9;0,95;;0,020;48,50,52,54,56,58,281;1,1,1,1,1,1,1;77;7;OUI;FIANCAILLE
AJR26032;bague;alliance;;YG;9;0,95;;0,022;48,50,52,54,56,58,282;1,1,1,1,1,1,1;77;7;OUI;FIANCAILLE
AJR26033;bague;alliance;;YG;9;1,35;;0,004;48,50,52,54,56,58,283;1,1,1,1,1,1,1;77;7;OUI;FIANCAILLE
AJR26040;bague;alliance;;YG;9;0,98;;0,070;48,50,52,54,56,58,284;1,1,1,1,1,1,1;77;7;OUI;FIANCAILLE
AJR26041;bague;alliance;;YG;9;0,95;;0,030;48,50,52,54,56,58,285;1,1,1,1,1,1,1;77;7;OUI;FIANCAILLE
AJR26066;bague;alliance;;YG;9;1,35;;0,130;48,50,52,54,56,58,286;1,1,1,1,1,1,1;77;7;OUI;FIANCAILLE
AJR26067;bague;alliance;;YG;9;1,10;;0,050;48,50,52,54,56,58,287;1,1,1,1,1,1,1;77;7;OUI;FIANCAILLE
AJR26069;bague;alliance;;YG;9;1,65;;0,009;48,50,52,54,56,58,288;1,1,1,1,1,1,1;77;7;OUI;FIANCAILLE
AJR26114;bague;alliance;;YG;9;1,45;;0,059;48,50,52,54,56,58,289;1,1,1,1,1,1,1;77;7;OUI;FIANCAILLE
AJR26132;bague;alliance;;YG;9;1,50;;0,005;48,50,52,54,56,58,290;1,1,1,1,1,1,1;77;7;OUI;FIANCAILLE
AJR26323;bague;alliance;;YG;9;1,35;;0,100;48,50,52,54,56,58,291;1,1,1,1,1,1,1;77;7;OUI;FIANCAILLE
AJR26329;bague;alliance;;YG;9;1,75;;0,080;48,50,52,54,56,58,292;1,1,1,1,1,1,1;77;7;OUI;FIANCAILLE
AJR26360;bague;alliance;;YG;9;1,25;;0,110;48,50,52,54,56,58,293;1,1,1,1,1,1,1;77;7;OUI;FIANCAILLE
AJR26411;bague;alliance;;YG;9;1,20;;0,090;48,50,52,54,56,58,294;1,1,1,1,1,1,1;77;7;OUI;FIANCAILLE
AJR26413;bague;alliance;;YG;9;1,55;;0,088;48,50,52,54,56,58,295;1,1,1,1,1,1,1;77;7;OUI;FIANCAILLE
AJR26414;bague;alliance;;YG;9;1,70;;0,060;48,50,52,54,56,58,296;1,1,1,1,1,1,1;77;7;OUI;FIANCAILLE
AJR26440;bague;alliance;;YG;9;1,15;;0,040;48,50,52,54,56,58,297;1,1,1,1,1,1,1;77;7;OUI;FIANCAILLE
AJR26444;bague;alliance;;YG;9;1,20;;0,070;48,50,52,54,56,58,298;1,1,1,1,1,1,1;77;7;OUI;FIANCAILLE
AJR26446;bague;alliance;;YG;9;0,90;;0,030;48,50,52,54,56,58,299;1,1,1,1,1,1,1;77;7;OUI;FIANCAILLE
AJR26451;bague;alliance;;YG;9;0,90;;0,020;48,50,52,54,56,58,300;1,1,1,1,1,1,1;77;7;OUI;FIANCAILLE
AJR26476;bague;alliance;;YG;9;0,88;;0,050;48,50,52,54,56,58,301;1,1,1,1,1,1,1;77;7;OUI;FIANCAILLE
AJR26481;bague;alliance;;YG;9;1,80;;0,030;48,50,52,54,56,58,302;1,1,1,1,1,1,1;77;7;OUI;FIANCAILLE
AJR26496;bague;alliance;;YG;9;1,12;;0,033;48,50,52,54,56,58,303;1,1,1,1,1,1,1;77;7;OUI;FIANCAILLE
AJR26497;bague;alliance;;YG;9;1,20;;0,022;48,50,52,54,56,58,304;1,1,1,1,1,1,1;77;7;OUI;FIANCAILLE
AJR26500;bague;alliance;;YG;9;1,70;;0,060;48,50,52,54,56,58,305;1,1,1,1,1,1,1;77;7;OUI;FIANCAILLE
AJR26501;bague;alliance;;YG;9;1,30;;0,033;48,50,52,54,56,58,306;1,1,1,1,1,1,1;77;7;OUI;FIANCAILLE
AJR26507;bague;alliance;;YG;9;1,68;;0,066;48,50,52,54,56,58,307;1,1,1,1,1,1,1;77;7;OUI;FIANCAILLE
AJR26508;bague;alliance;;YG;9;1,40;;0,009;48,50,52,54,56,58,308;1,1,1,1,1,1,1;77;7;OUI;FIANCAILLE
AJR26530;bague;alliance;;YG;9;1,00;;0,021;48,50,52,54,56,58,309;1,1,1,1,1,1,1;77;7;OUI;FIANCAILLE
AJR26566;bague;alliance;;YG;9;1,02;;0,025;48,50,52,54,56,58,310;1,1,1,1,1,1,1;77;7;OUI;FIANCAILLE
AJR26581;bague;alliance;;YG;9;1,70;;0,120;48,50,52,54,56,58,311;1,1,1,1,1,1,1;77;7;OUI;FIANCAILLE
AJR26588;bague;alliance;;2T;9;1,95;;0,120;48,50,52,54,56,58,312;1,1,1,1,1,1,1;77;7;OUI;FIANCAILLE
AJR26590;bague;alliance;;YG;9;1,05;;0,030;48,50,52,54,56,58,313;1,1,1,1,1,1,1;77;7;OUI;FIANCAILLE
AJR26619;bague;alliance;;YG;9;1,28;;0,140;48,50,52,54,56,58,314;1,1,1,1,1,1,1;77;7;OUI;FIANCAILLE
AJR26624;bague;alliance;;YG;9;2,40;;0,119;48,50,52,54,56,58,315;1,1,1,1,1,1,1;77;7;OUI;FIANCAILLE
AJR26628;bague;alliance;;YG;9;1,80;;0,103;48,50,52,54,56,58,316;1,1,1,1,1,1,1;77;7;OUI;FIANCAILLE
AJR26632;bague;alliance;;YG;9;0,69;;0,030;48,50,52,54,56,58,317;1,1,1,1,1,1,1;77;7;OUI;FIANCAILLE
AJR26640;bague;alliance;;YG;9;1,30;;0,100;48,50,52,54,56,58,318;1,1,1,1,1,1,1;77;7;OUI;FIANCAILLE
AJR26643;bague;alliance;;YG;9;1,30;;0,102;48,50,52,54,56,58,319;1,1,1,1,1,1,1;77;7;OUI;FIANCAILLE
AJR26645;bague;alliance;;YG;9;0,90;;0,025;48,50,52,54,56,58,320;1,1,1,1,1,1,1;77;7;OUI;FIANCAILLE
AJR26649;bague;alliance;;YG;9;1,25;;0,028;48,50,52,54,56,58,321;1,1,1,1,1,1,1;77;7;OUI;FIANCAILLE
AJR26654;bague;alliance;;3T;9;2,65;;0,210;48,50,52,54,56,58,322;1,1,1,1,1,1,1;77;7;OUI;FIANCAILLE
AJR26731;bague;alliance;;YG;9;1,97;;0,100;48,50,52,54,56,58,323;1,1,1,1,1,1,1;77;7;OUI;FIANCAILLE
AJR26918;bague;alliance;;YG;9;1,10;;0,101;48,50,52,54,56,58,324;1,1,1,1,1,1,1;77;7;OUI;FIANCAILLE
AJR26935;bague;alliance;;YG;9;1,10;;0,040;48,50,52,54,56,58,325;1,1,1,1,1,1,1;77;7;OUI;FIANCAILLE
AJR26958;bague;alliance;;YG;9;1,25;;0,040;48,50,52,54,56,58,326;1,1,1,1,1,1,1;77;7;OUI;FIANCAILLE
AJR27011;bague;alliance;;YG;9;0,92;;0,010;48,50,52,54,56,58,327;1,1,1,1,1,1,1;77;7;OUI;FIANCAILLE
AJR27021;bague;alliance;;YG;9;0,92;;0,036;48,50,52,54,56,58,328;1,1,1,1,1,1,1;77;7;OUI;FIANCAILLE
AJR27444;bague;alliance;;YG;9;1,32;;0,027;48,50,52,54,56,58,329;1,1,1,1,1,1,1;77;7;OUI;FIANCAILLE
AJR27520;bague;alliance;;YG;9;1,45;;0,110;48,50,52,54,56,58,330;1,1,1,1,1,1,1;77;7;OUI;FIANCAILLE
AJR27524;bague;alliance;;YG;9;1,30;;0,060;48,50,52,54,56,58,331;1,1,1,1,1,1,1;77;7;OUI;FIANCAILLE
AJR27531;bague;alliance;;YG;9;0,98;;0,014;48,50,52,54,56,58,332;1,1,1,1,1,1,1;77;7;OUI;FIANCAILLE
AJR27532;bague;alliance;;YG;9;1,20;;0,033;48,50,52,54,56,58,333;1,1,1,1,1,1,1;77;7;OUI;FIANCAILLE
AJR27534;bague;alliance;;YG;9;1,10;;0,050;48,50,52,54,56,58,334;1,1,1,1,1,1,1;77;7;OUI;FIANCAILLE
AJR27571;bague;alliance;;YG;9;1,15;;0,014;48,50,52,54,56,58,335;1,1,1,1,1,1,1;77;7;OUI;FIANCAILLE
AJR27581;bague;alliance;;YG;9;1,30;;0,060;48,50,52,54,56,58,336;1,1,1,1,1,1,1;77;7;OUI;FIANCAILLE
AJR27583;bague;alliance;;YG;9;2,05;;0,030;48,50,52,54,56,58,337;1,1,1,1,1,1,1;77;7;OUI;FIANCAILLE
AJR27591;bague;alliance;;YG;9;1,40;;0,070;48,50,52,54,56,58,338;1,1,1,1,1,1,1;77;7;OUI;FIANCAILLE
AJR27593;bague;alliance;;YG;9;1,40;;0,068;48,50,52,54,56,58,339;1,1,1,1,1,1,1;77;7;OUI;FIANCAILLE
AJR27595;bague;alliance;;YG;9;1,45;;0,040;48,50,52,54,56,58,340;1,1,1,1,1,1,1;77;7;OUI;FIANCAILLE
AJR27597;bague;alliance;;YG;9;1,65;;0,040;48,50,52,54,56,58,341;1,1,1,1,1,1,1;77;7;OUI;FIANCAILLE
AJR27600;bague;alliance;;YG;9;1,10;;0,029;48,50,52,54,56,58,342;1,1,1,1,1,1,1;77;7;OUI;FIANCAILLE
AJR27604;bague;alliance;;YG;9;1,52;;0,050;48,50,52,54,56,58,343;1,1,1,1,1,1,1;77;7;OUI;FIANCAILLE
AJR27605;bague;alliance;;YG;9;1,35;;0,046;48,50,52,54,56,58,344;1,1,1,1,1,1,1;77;7;OUI;FIANCAILLE
AJR27606;bague;alliance;;YG;9;1,15;;0,033;48,50,52,54,56,58,345;1,1,1,1,1,1,1;77;7;OUI;FIANCAILLE
AJR27608;bague;alliance;;YG;9;1,75;;0,069;48,50,52,54,56,58,346;1,1,1,1,1,1,1;77;7;OUI;FIANCAILLE
AJR27611;bague;alliance;;YG;9;1,20;;0,005;48,50,52,54,56,58,347;1,1,1,1,1,1,1;77;7;OUI;FIANCAILLE
AJR27747;bague;alliance;;YG;9;2,75;;0,090;48,50,52,54,56,58,348;1,1,1,1,1,1,1;77;7;OUI;FIANCAILLE
AJR27760;bague;alliance;;YG;9;0,98;;0,004;48,50,52,54,56,58,349;1,1,1,1,1,1,1;77;7;OUI;FIANCAILLE
AJR27783;bague;alliance;;YG;9;1,55;;0,015;48,50,52,54,56,58,350;1,1,1,1,1,1,1;77;7;OUI;FIANCAILLE
AJR27789;bague;alliance;;YG;9;1,28;;0,013;48,50,52,54,56,58,351;1,1,1,1,1,1,1;77;7;OUI;FIANCAILLE
AJR27798;bague;alliance;;3T;9;2,15;;0,040;48,50,52,54,56,58,352;1,1,1,1,1,1,1;77;7;OUI;FIANCAILLE
AJR27802;bague;alliance;;YG;9;0,85;;0,030;48,50,52,54,56,58,353;1,1,1,1,1,1,1;77;7;OUI;FIANCAILLE
AJR27848;bague;alliance;;YG;9;1,48;;0,120;48,50,52,54,56,58,354;1,1,1,1,1,1,1;77;7;OUI;FIANCAILLE
AJR27852;bague;alliance;;YG;9;0,75;;0,010;48,50,52,54,56,58,355;1,1,1,1,1,1,1;77;7;OUI;FIANCAILLE
AJR27854;bague;alliance;;YG;9;0,78;;0,030;48,50,52,54,56,58,356;1,1,1,1,1,1,1;77;7;OUI;FIANCAILLE
AJR27856;bague;alliance;;YG;9;1,30;;0,050;48,50,52,54,56,58,357;1,1,1,1,1,1,1;77;7;OUI;FIANCAILLE
AJR28060;bague;alliance;;YG;9;1,90;;0,077;48,50,52,54,56,58,358;1,1,1,1,1,1,1;77;7;OUI;FIANCAILLE
AJR28074;bague;alliance;;YG;9;2,51;;0,070;48,50,52,54,56,58,359;1,1,1,1,1,1,1;77;7;OUI;FIANCAILLE
AJR28076;bague;alliance;;YG;9;2,10;;0,019;48,50,52,54,56,58,360;1,1,1,1,1,1,1;77;7;OUI;FIANCAILLE
AJR28077;bague;alliance;;YG;9;2,35;;0,005;48,50,52,54,56,58,361;1,1,1,1,1,1,1;77;7;OUI;FIANCAILLE
AJR28136;bague;alliance;;YG;9;1,08;;0,080;48,50,52,54,56,58,362;1,1,1,1,1,1,1;77;7;OUI;FIANCAILLE
AJR28138;bague;alliance;;YG;9;1,55;;0,016;48,50,52,54,56,58,363;1,1,1,1,1,1,1;77;7;OUI;FIANCAILLE
AJR28389;bague;alliance;;YG;9;1,55;;0,020;48,50,52,54,56,58,364;1,1,1,1,1,1,1;77;7;OUI;FIANCAILLE
AJR28390;bague;alliance;;YG;9;1,35;;0,005;48,50,52,54,56,58,365;1,1,1,1,1,1,1;77;7;OUI;FIANCAILLE
AJR28391;bague;alliance;;YG;9;1,30;;0,020;48,50,52,54,56,58,366;1,1,1,1,1,1,1;77;7;OUI;FIANCAILLE
AJR28481;bague;alliance;;YG;9;1,60;;0,013;48,50,52,54,56,58,367;1,1,1,1,1,1,1;77;7;OUI;FIANCAILLE
AJR28489;bague;alliance;;2T;9;1,60;;0,008;48,50,52,54,56,58,368;1,1,1,1,1,1,1;77;7;OUI;FIANCAILLE
AJR28490;bague;alliance;;2T;9;1,60;;0,014;48,50,52,54,56,58,369;1,1,1,1,1,1,1;77;7;OUI;FIANCAILLE
AJR28491;bague;alliance;;2T;9;1,92;;0,013;48,50,52,54,56,58,370;1,1,1,1,1,1,1;77;7;OUI;FIANCAILLE
AJR28651;bague;alliance;;YG;9;3,21;;0,040;48,50,52,54,56,58,371;1,1,1,1,1,1,1;77;7;OUI;FIANCAILLE
AJR28800;bague;alliance;;YG;9;1,60;;0,024;48,50,52,54,56,58,372;1,1,1,1,1,1,1;77;7;OUI;FIANCAILLE
AJR28801;bague;alliance;;YG;9;1,50;;0,045;48,50,52,54,56,58,373;1,1,1,1,1,1,1;77;7;OUI;FIANCAILLE
AJR28934;bague;alliance;;YG;9;1,55;;0,130;48,50,52,54,56,58,374;1,1,1,1,1,1,1;77;7;OUI;FIANCAILLE
AJR28935;bague;alliance;;YG;9;1,20;;0,035;48,50,52,54,56,58,375;1,1,1,1,1,1,1;77;7;OUI;FIANCAILLE
AJR28936;bague;alliance;;YG;9;1,05;;0,035;48,50,52,54,56,58,376;1,1,1,1,1,1,1;77;7;OUI;FIANCAILLE
AJR29245;bague;alliance;;YG;9;3,20;;0,050;48,50,52,54,56,58,377;1,1,1,1,1,1,1;77;7;OUI;FIANCAILLE
AJR29248;bague;alliance;;YG;9;2,15;;0,081;48,50,52,54,56,58,378;1,1,1,1,1,1,1;77;7;OUI;FIANCAILLE
AJR29249;bague;alliance;;YG;9;1,90;;0,038;48,50,52,54,56,58,379;1,1,1,1,1,1,1;77;7;OUI;FIANCAILLE
SAR00167;bague;alliance;;YG;9;1,35;;0,030;48,50,52,54,56,58,380;1,1,1,1,1,1,1;77;7;OUI;FIANCAILLE
SAR00194;bague;alliance;;YG;9;1,65;;0,056;48,50,52,54,56,58,381;1,1,1,1,1,1,1;77;7;OUI;FIANCAILLE
SAR00205;bague;alliance;;YG;9;1,60;;0,030;48,50,52,54,56,58,382;1,1,1,1,1,1,1;77;7;OUI;FIANCAILLE
SAR00572;bague;alliance;;YG;9;1,22;;0,090;48,50,52,54,56,58,383;1,1,1,1,1,1,1;77;7;OUI;FIANCAILLE
SAR00579;bague;alliance;;YG;9;2,05;;0,100;48,50,52,54,56,58,384;1,1,1,1,1,1,1;77;7;OUI;FIANCAILLE
SAR00582;bague;alliance;;YG;9;2,15;;0,160;48,50,52,54,56,58,385;1,1,1,1,1,1,1;77;7;OUI;FIANCAILLE
SAR00583;bague;alliance;;YG;9;1,90;;0,038;48,50,52,54,56,58,386;1,1,1,1,1,1,1;77;7;OUI;FIANCAILLE
SAR00587;bague;alliance;;YG;9;1,30;;0,008;48,50,52,54,56,58,387;1,1,1,1,1,1,1;77;7;OUI;FIANCAILLE
SAR00590;bague;alliance;;YG;9;1,95;;0,110;48,50,52,54,56,58,388;1,1,1,1,1,1,1;77;7;OUI;FIANCAILLE
SAR00688;bague;alliance;;YG;9;1,97;;0,068;48,50,52,54,56,58,389;1,1,1,1,1,1,1;77;7;OUI;FIANCAILLE
SAR00695;bague;alliance;;YG;9;1,90;;0,009;48,50,52,54,56,58,390;1,1,1,1,1,1,1;77;7;OUI;FIANCAILLE
SAR00696;bague;alliance;;YG;9;1,92;;0,200;48,50,52,54,56,58,391;1,1,1,1,1,1,1;77;7;OUI;FIANCAILLE
SAR00697;bague;alliance;;YG;9;2,14;;0,014;48,50,52,54,56,58,392;1,1,1,1,1,1,1;77;7;OUI;FIANCAILLE
SAR00944;bague;alliance;;YG;9;1,44;;0,016;48,50,52,54,56,58,393;1,1,1,1,1,1,1;77;7;OUI;FIANCAILLE
SAR00952;bague;alliance;;YG;9;1,92;;0,009;48,50,52,54,56,58,394;1,1,1,1,1,1,1;77;7;OUI;FIANCAILLE
SAR00964;bague;alliance;;YG;9;2,00;;0,020;48,50,52,54,56,58,395;1,1,1,1,1,1,1;77;7;OUI;FIANCAILLE
SAR00965;bague;alliance;;YG;9;2,22;;0,008;48,50,52,54,56,58,396;1,1,1,1,1,1,1;77;7;OUI;FIANCAILLE
SAR00971;bague;alliance;;YG;9;1,96;;0,028;48,50,52,54,56,58,397;1,1,1,1,1,1,1;77;7;OUI;FIANCAILLE
SAR00990;bague;alliance;;YG;9;1,64;;0,020;48,50,52,54,56,58,398;1,1,1,1,1,1,1;77;7;OUI;FIANCAILLE
SAR01052;bague;alliance;;YG;9;1,58;;0,020;48,50,52,54,56,58,399;1,1,1,1,1,1,1;77;7;OUI;FIANCAILLE
SAR01062;bague;alliance;;YG;9;1,80;;0,058;48,50,52,54,56,58,400;1,1,1,1,1,1,1;77;7;OUI;FIANCAILLE
SAR01067;bague;alliance;;YG;9;2,20;;0,020;48,50,52,54,56,58,401;1,1,1,1,1,1,1;77;7;OUI;FIANCAILLE
SAR01068;bague;alliance;;YG;9;2,20;;0,007;48,50,52,54,56,58,402;1,1,1,1,1,1,1;77;7;OUI;FIANCAILLE
SAR01082;bague;alliance;;YG;9;2,10;;0,110;48,50,52,54,56,58,403;1,1,1,1,1,1,1;77;7;OUI;FIANCAILLE
SAR01085;bague;alliance;;YG;9;1,62;;0,080;48,50,52,54,56,58,404;1,1,1,1,1,1,1;77;7;OUI;FIANCAILLE
SAR01104;bague;alliance;;YG;9;2,03;;0,009;48,50,52,54,56,58,405;1,1,1,1,1,1,1;77;7;OUI;FIANCAILLE
SAR01106;bague;alliance;;YG;9;1,75;;0,029;48,50,52,54,56,58,406;1,1,1,1,1,1,1;77;7;OUI;FIANCAILLE
SAR01110;bague;alliance;;YG;9;1,70;;0,006;48,50,52,54,56,58,407;1,1,1,1,1,1,1;77;7;OUI;FIANCAILLE
SAR01111;bague;alliance;;YG;9;1,48;;0,050;48,50,52,54,56,58,408;1,1,1,1,1,1,1;77;7;OUI;FIANCAILLE
SAR01113;bague;alliance;;YG;9;2,07;;0,060;48,50,52,54,56,58,409;1,1,1,1,1,1,1;77;7;OUI;FIANCAILLE
SAR01115;bague;alliance;;YG;9;1,66;;0,050;48,50,52,54,56,58,410;1,1,1,1,1,1,1;77;7;OUI;FIANCAILLE
SAR01116;bague;alliance;;YG;9;1,50;;0,020;48,50,52,54,56,58,411;1,1,1,1,1,1,1;77;7;OUI;FIANCAILLE
SAR01117;bague;alliance;;YG;9;1,62;;0,060;48,50,52,54,56,58,412;1,1,1,1,1,1,1;77;7;OUI;FIANCAILLE
SAR01125;bague;alliance;;YG;9;1,12;;0,020;48,50,52,54,56,58,413;1,1,1,1,1,1,1;77;7;OUI;FIANCAILLE
SAR01128;bague;alliance;;YG;9;1,02;;0,013;48,50,52,54,56,58,414;1,1,1,1,1,1,1;77;7;OUI;FIANCAILLE
SAR01130;bague;alliance;;YG;9;1,15;;0,051;48,50,52,54,56,58,415;1,1,1,1,1,1,1;77;7;OUI;FIANCAILLE
SAR01134;bague;alliance;;YG;9;1,60;;0,035;48,50,52,54,56,58,416;1,1,1,1,1,1,1;77;7;OUI;FIANCAILLE
SAR01151;bague;alliance;;YG;9;2,35;;0,098;48,50,52,54,56,58,417;1,1,1,1,1,1,1;77;7;OUI;FIANCAILLE
SAR01186;bague;alliance;;YG;9;0,90;;0,050;48,50,52,54,56,58,418;1,1,1,1,1,1,1;77;7;OUI;FIANCAILLE
SAR01202;bague;alliance;;YG;9;1,20;;0,060;48,50,52,54,56,58,419;1,1,1,1,1,1,1;77;7;OUI;FIANCAILLE
SAR01257;bague;alliance;;YG;9;1,22;;0,012;48,50,52,54,56,58,420;1,1,1,1,1,1,1;77;7;OUI;FIANCAILLE
SAR01657;bague;alliance;;YG;9;2,02;;0,020;48,50,52,54,56,58,421;1,1,1,1,1,1,1;77;7;OUI;FIANCAILLE
SAR01658;bague;alliance;;YG;9;1,75;;0,020;48,50,52,54,56,58,422;1,1,1,1,1,1,1;77;7;OUI;FIANCAILLE
SAR01694;bague;alliance;;YG;9;1,70;;0,080;48,50,52,54,56,58,423;1,1,1,1,1,1,1;77;7;OUI;FIANCAILLE
SAR01695;bague;alliance;;YG;9;1,68;;0,090;48,50,52,54,56,58,424;1,1,1,1,1,1,1;77;7;OUI;FIANCAILLE
SAR01789;bague;alliance;;YG;9;1,30;;0,027;48,50,52,54,56,58,425;1,1,1,1,1,1,1;77;7;OUI;FIANCAILLE
SAR01812;bague;alliance;;YG;9;1,00;;0,020;48,50,52,54,56,58,426;1,1,1,1,1,1,1;77;7;OUI;FIANCAILLE
SAR01818;bague;alliance;;YG;9;0,88;;0,040;48,50,52,54,56,58,427;1,1,1,1,1,1,1;77;7;OUI;FIANCAILLE
SAR01963;bague;alliance;;YG;9;1,36;;0,070;48,50,52,54,56,58,428;1,1,1,1,1,1,1;77;7;OUI;FIANCAILLE
SAR02047;bague;alliance;;YG;9;1,20;;0,200;48,50,52,54,56,58,429;1,1,1,1,1,1,1;77;7;OUI;FIANCAILLE
SAR02067;bague;alliance;;YG;9;1,08;;0,039;48,50,52,54,56,58,430;1,1,1,1,1,1,1;77;7;OUI;FIANCAILLE
SAR02074;bague;alliance;;YG;9;1,30;;0,030;48,50,52,54,56,58,431;1,1,1,1,1,1,1;77;7;OUI;FIANCAILLE
SAR02087;bague;alliance;;YG;9;1,30;;0,035;48,50,52,54,56,58,432;1,1,1,1,1,1,1;77;7;OUI;FIANCAILLE
SAR02089;bague;alliance;;YG;9;1,42;;0,040;48,50,52,54,56,58,433;1,1,1,1,1,1,1;77;7;OUI;FIANCAILLE
SAR02117;bague;alliance;;YG;9;1,12;;0,040;48,50,52,54,56,58,434;1,1,1,1,1,1,1;77;7;OUI;FIANCAILLE
SAR02119;bague;alliance;;YG;9;1,20;;0,050;48,50,52,54,56,58,435;1,1,1,1,1,1,1;77;7;OUI;FIANCAILLE
SAR02128;bague;alliance;;YG;9;1,25;;0,040;48,50,52,54,56,58,436;1,1,1,1,1,1,1;77;7;OUI;FIANCAILLE
SAR02261;bague;alliance;;YG;9;1,60;;0,049;48,50,52,54,56,58,437;1,1,1,1,1,1,1;77;7;OUI;FIANCAILLE
SAR02263;bague;alliance;;YG;9;1,50;;0,046;48,50,52,54,56,58,438;1,1,1,1,1,1,1;77;7;OUI;FIANCAILLE
SAR02273;bague;alliance;;YG;9;1,50;;0,079;48,50,52,54,56,58,439;1,1,1,1,1,1,1;77;7;OUI;FIANCAILLE
SAR02336;bague;alliance;;YG;9;2,00;;0,100;48,50,52,54,56,58,440;1,1,1,1,1,1,1;77;7;OUI;FIANCAILLE
SAR02359;bague;alliance;;YG;9;0,96;diamant;0,020;48,50,52,54,56,58,441;1,1,1,1,1,1,1;77;7;OUI;FIANCAILLE
SAR02400;bague;alliance;;YG;9;1,75;;0,077;48,50,52,54,56,58,442;1,1,1,1,1,1,1;77;7;OUI;FIANCAILLE
SAR02534;bague;alliance;;YG;9;1,94;;0,076;48,50,52,54,56,58,443;1,1,1,1,1,1,1;77;7;OUI;FIANCAILLE
SAR02563;bague;alliance;;2T;9;1,60;;0,040;48,50,52,54,56,58,444;1,1,1,1,1,1,1;77;7;OUI;FIANCAILLE
AJR26044;bague;alliance;;YG;9;1,65;;0,089;48,50,52,54,56,58,445;1,1,1,1,1,1,1;77;7;OUI;FIANCAILLE
AJR26046;bague;alliance;;YG;9;1,85;;0,090;48,50,52,54,56,58,446;1,1,1,1,1,1,1;77;7;OUI;FIANCAILLE
AJR26048;bague;alliance;;YG;9;2,10;;0,090;48,50,52,54,56,58,447;1,1,1,1,1,1,1;77;7;OUI;FIANCAILLE
AJR26052;bague;alliance;;YG;9;1,48;;0,100;48,50,52,54,56,58,448;1,1,1,1,1,1,1;77;7;OUI;FIANCAILLE
AJR27785;bague;alliance;;YG;9;1,55;;0,049;48,50,52,54,56,58,449;1,1,1,1,1,1,1;77;7;OUI;FIANCAILLE
AJR27786;bague;alliance;;YG;9;1,22;saphir;0,039;48,50,52,54,56,58,450;1,1,1,1,1,1,1;77;7;OUI;FIANCAILLE
AJR28170A ;bague;alliance;;YG;9;1,45;;0,044;48,50,52,54,56,58,451;1,1,1,1,1,1,1;77;7;OUI;FIANCAILLE
AJR28170B ;bague;alliance;;YG;9;1,20;tanzanite;0,007;48,50,52,54,56,58,452;1,1,1,1,1,1,1;77;7;OUI;FIANCAILLE
AJR28177A ;bague;alliance;;YG;9;1,18;;0,026;48,50,52,54,56,58,453;1,1,1,1,1,1,1;77;7;OUI;FIANCAILLE
AJR28177C ;bague;alliance;;YG;9;1,12;;0,026;48,50,52,54,56,58,454;1,1,1,1,1,1,1;77;7;OUI;FIANCAILLE
AJR28177D ;bague;alliance;;YG;9;1,10;;0,080;48,50,52,54,56,58,455;1,1,1,1,1,1,1;77;7;OUI;FIANCAILLE
AJR28227F;bague;alliance;;YG;9;1,65;;0,600;48,50,52,54,56,58,456;1,1,1,1,1,1,1;77;7;OUI;FIANCAILLE
AJR28236E ;bague;alliance;;YG;9;1,40;;0,550;48,50,52,54,56,58,457;1,1,1,1,1,1,1;77;7;OUI;FIANCAILLE
AJR28236C ;bague;alliance;;YG;9;1,35;;0,850;48,50,52,54,56,58,458;1,1,1,1,1,1,1;77;7;OUI;FIANCAILLE
AJR28236D ;bague;alliance;;YG;9;1,38;;0,650;48,50,52,54,56,58,459;1,1,1,1,1,1,1;77;7;OUI;FIANCAILLE
AJR28240B ;bague;alliance;;YG;9;1,10;;0,250;48,50,52,54,56,58,460;1,1,1,1,1,1,1;77;7;OUI;FIANCAILLE
AJR28240C ;bague;alliance;;YG;9;1,02;;0,053;48,50,52,54,56,58,461;1,1,1,1,1,1,1;77;7;OUI;FIANCAILLE
AJR28240D ;bague;alliance;;YG;9;0,98;;0,080;48,50,52,54,56,58,462;1,1,1,1,1,1,1;77;7;OUI;FIANCAILLE
AJR28265C ;bague;alliance;;YG;9;1,30;;0,056;48,50,52,54,56,58,463;1,1,1,1,1,1,1;77;7;OUI;FIANCAILLE
AJR28265D ;bague;alliance;;YG;9;1,32;citrine;0,080;48,50,52,54,56,58,464;1,1,1,1,1,1,1;77;7;OUI;FIANCAILLE
AJR28265F ;bague;alliance;;YG;9;1,26;;0,060;48,50,52,54,56,58,465;1,1,1,1,1,1,1;77;7;OUI;FIANCAILLE
AJR28268C ;bague;alliance;;YG;9;1,55;;0,025;48,50,52,54,56,58,466;1,1,1,1,1,1,1;77;7;OUI;FIANCAILLE
AJR28332B ;bague;alliance;;YG;9;1,10;rhodolite;0,011;48,50,52,54,56,58,467;1,1,1,1,1,1,1;77;7;OUI;FIANCAILLE
AJR28354B ;bague;alliance;;YG;9;1,52;;0,150;48,50,52,54,56,58,468;1,1,1,1,1,1,1;77;7;OUI;FIANCAILLE
AJR28358A ;bague;alliance;;YG;9;1,32;;0,080;48,50,52,54,56,58,469;1,1,1,1,1,1,1;77;7;OUI;FIANCAILLE
AJR28360A ;bague;alliance;;YG;9;0,85;;0,026;48,50,52,54,56,58,470;1,1,1,1,1,1,1;77;7;OUI;FIANCAILLE
AJR28361B ;bague;alliance;;YG;9;1,30;;0,100;48,50,52,54,56,58,471;1,1,1,1,1,1,1;77;7;OUI;FIANCAILLE
AJR28366D ;bague;alliance;;YG;9;1,55;;0,044;48,50,52,54,56,58,472;1,1,1,1,1,1,1;77;7;OUI;FIANCAILLE
AJR28370D ;bague;alliance;;YG;9;1,18;;0,026;48,50,52,54,56,58,473;1,1,1,1,1,1,1;77;7;OUI;FIANCAILLE
AJR28371;bague;alliance;;YG;9;0,95;;0,026;48,50,52,54,56,58,474;1,1,1,1,1,1,1;77;7;OUI;FIANCAILLE
AJR28655;bague;alliance;;YG;9;1,40;;0,013;48,50,52,54,56,58,475;1,1,1,1,1,1,1;77;7;OUI;FIANCAILLE
SAR00916;bague;alliance;;YG;9;2,26;;0,003;48,50,52,54,56,58,476;1,1,1,1,1,1,1;77;7;OUI;FIANCAILLE
SAR00966;bague;alliance;;YG;9;1,86;;0,046;48,50,52,54,56,58,477;1,1,1,1,1,1,1;77;7;OUI;FIANCAILLE
SAR00967;bague;alliance;;YG;9;1,76;saphir;0,012;48,50,52,54,56,58,478;1,1,1,1,1,1,1;77;7;OUI;FIANCAILLE
SAR00997;bague;SAPHIR;;YG;9;1,65;;0,108;48,50,52,54,56,58,479;1,1,1,1,1,1,1;77;7;OUI;FIANCAILLE
SAR01659;bague;RUBIS;;YG;9;1,75;;0,120;48,50,52,54,56,58,480;1,1,1,1,1,1,1;77;7;OUI;FIANCAILLE
SAR01660;bague;EMERAUDE;;YG;9;2,98;;0,023;48,50,52,54,56,58,481;1,1,1,1,1,1,1;77;7;OUI;FIANCAILLE
SAR01826;bague;TANZANITE;;YG;9;1,70;perle;0,216;48,50,52,54,56,58,482;1,1,1,1,1,1,1;77;7;OUI;FIANCAILLE
SAR02016;bague;AMETHYSTE;;YG;9;1,75;;0,050;48,50,52,54,56,58,483;1,1,1,1,1,1,1;77;7;OUI;FIANCAILLE
SAR02408;bague;TOPAZE;;YG;9;2,10;saphir;0,089;48,50,52,54,56,58,484;1,1,1,1,1,1,1;77;7;OUI;FIANCAILLE
SAR02434C;bague;TOPAZE;;YG;9;1,02;;0,100;48,50,52,54,56,58,485;1,1,1,1,1,1,1;77;7;OUI;FIANCAILLE
SAR02434D;bague;TOPAZE;;YG;9;1,07;;0,080;48,50,52,54,56,58,486;1,1,1,1,1,1,1;77;7;OUI;FIANCAILLE
SAR02434E;bague;TOPAZE;;YG;9;1,05;;0,070;48,50,52,54,56,58,487;1,1,1,1,1,1,1;77;7;OUI;FIANCAILLE
SAR02434F;bague;TOPAZE;;YG;9;1,04;;0,100;48,50,52,54,56,58,488;1,1,1,1,1,1,1;77;7;OUI;FIANCAILLE
SAR02434G;bague;TOPAZE;;YG;9;1,02;;0,060;48,50,52,54,56,58,489;1,1,1,1,1,1,1;77;7;OUI;FIANCAILLE
SAR02437A;bague;TOPAZE;;YG;9;1,32;;0,034;48,50,52,54,56,58,490;1,1,1,1,1,1,1;77;7;OUI;FIANCAILLE
SAR02437B;bague;TOPAZE;;YG;9;1,38;;0,250;48,50,52,54,56,58,491;1,1,1,1,1,1,1;77;7;OUI;FIANCAILLE
SAR02437C;bague;TOPAZE;;YG;9;1,25;;0,034;48,50,52,54,56,58,492;1,1,1,1,1,1,1;77;7;OUI;FIANCAILLE
SAR02456;bague;TOPAZE;;YG;9;1,85;;0,700;48,50,52,54,56,58,493;1,1,1,1,1,1,1;77;7;OUI;FIANCAILLE
SAR02457;bague;TOPAZE;;YG;9;1,96;;0,079;48,50,52,54,56,58,494;1,1,1,1,1,1,1;77;7;OUI;FIANCAILLE
SAR02542;bague;TOPAZE;;YG;9;1,30;;0,015;48,50,52,54,56,58,495;1,1,1,1,1,1,1;77;7;OUI;FIANCAILLE
SAR02547;bague;TOPAZE;;YG;9;1,92;;0,850;48,50,52,54,56,58,496;1,1,1,1,1,1,1;77;7;OUI;FIANCAILLE